eslvr2rz3hb1xneqipse8a,54rjpc8yum3qn_qbfgmlag,1
kstc7anq3vcz6-aeqgh4gg,z6yxgj8uw0uf7djr65rc4w,2
kzzdrsve51cpsb8g3rovbg,z2yivr-c0k0h2slnxvnzyg,3
dnqzdlhyduch6tooekigya,cgwtstibzshaisq1s8rwcq,1
vlcasgkqitupi-nvt7retw,i4emu1ncdfgf6cb0mkouzw,3
dtupcjyoyiwqpwolvq9jfw,qqigwfee-2my54wrm11eaw,3
5jjjy5_r06og56vfjic66a,kfwakurfdwkrl42hpsimuq,2
62gnfh5fyska3mbrqmnqvg,wb3whs79wdxgtnek8n51qa,0
b7_ardko_gt-gjcsrgerxa,_uzqqznrzl0rsmoopqrtnw,1
gjaud-7mzzk7usqxfayexg,akpywkarj_-zmnvbgplyrw,1
wm2fagilzj6avicrh5imow,z6yxgj8uw0uf7djr65rc4w,3
bsgrxmpoyykjg349irw_vq,j1qzlzsubvmzqgl_zhgyeq,1
nr0jikevlmqn-3m1hra8ka,kfwakurfdwkrl42hpsimuq,3
s_hfejrrm5czz2xryu0kug,qzl6ineaqsocvouz7q-cwg,3
5jjjy5_r06og56vfjic66a,qzl6ineaqsocvouz7q-cwg,1
rh27ydfpr-foia2bhb2z5g,qqigwfee-2my54wrm11eaw,1
qgkotcbs-gpamwpadgmf0w,z6yxgj8uw0uf7djr65rc4w,1
gjaud-7mzzk7usqxfayexg,zllwgxyzgwhtg00fk0iutw,1
jm67tdhh8t1vhpaceoruog,i4emu1ncdfgf6cb0mkouzw,0
hvs6n04dkzhewjvzhb7tdg,54rjpc8yum3qn_qbfgmlag,3
zgdgjxhqu_eapbc7y_ihlw,-ottk-dic9hycbhjucaaca,1
gjaud-7mzzk7usqxfayexg,zmkep-h-dlsvdl7qifcvha,1
gjaud-7mzzk7usqxfayexg,z2yivr-c0k0h2slnxvnzyg,1
_5uuoctykk1pqywal-xrnw,dnk2a_mwzfgqh_eexldraw,1
xobtkrzyqo5fipk6dlx9ba,i4emu1ncdfgf6cb0mkouzw,3
lguwyfawe3z0ookn_sdn9g,kfwakurfdwkrl42hpsimuq,1
fkfsxe-kfqddta6y_w9new,z2yivr-c0k0h2slnxvnzyg,1
yikkxcuqdb04pvuw7ogtnw,4i5fs2iyh3lyuziuhkzejg,1
bnfwhp_kbsbmodk8hb2p0g,dwau0ptroj2qsr_hz7jvoq,1
awrtmmmk0xu-bfk4bkd9xw,ozp_ewqapeoqvbr9qdyevq,0
odv9hzzupw1b_uqw0vvcoa,zllwgxyzgwhtg00fk0iutw,1
zprnd3fdu7zoux0jhjgorg,kfwakurfdwkrl42hpsimuq,1
9dxmwfz0vsi7j4e5ets6-g,ozp_ewqapeoqvbr9qdyevq,1
1ppy9vkfuzxatnqti1f70a,-ottk-dic9hycbhjucaaca,1
zldyporxtpngimmbwin3dw,qzrlwry5x8ybfagacriahg,1
taxrpl_mpmses00cjmefew,dwau0ptroj2qsr_hz7jvoq,2
taxrpl_mpmses00cjmefew,pcjorqe8rdmvvsnr49ws5w,1
90gzd3ndhmaydar7qpg9ua,z6yxgj8uw0uf7djr65rc4w,1
c-1biwacmahtd4atolwnpq,kfwakurfdwkrl42hpsimuq,3
bzv2ug7-lfhipsioo4z1ag,rgjhd5s10wow_l2-impa3a,3
ugxcvapufrctsqgk1hpffq,jyiyv9qg43eunm09w_1u0a,4
kjybpkrbgpmvuajungj4aw,gzutasavmhm6o0rfgjpmwa,1
hqwx3fajlsqxbp43brqv8w,akpywkarj_-zmnvbgplyrw,1
j6vguvajzpfqnpeys8y58g,akpywkarj_-zmnvbgplyrw,1
cixjbfjraeteikpzzg4i9g,qzl6ineaqsocvouz7q-cwg,1
gnxcqfmgciviplghe9wltw,akpywkarj_-zmnvbgplyrw,3
wbu6s1_0cgnm1rvl5kmpxa,akv7uvaqoryebx66-h6hsq,1
g3t54feepw9leaw3iygq9a,qzl6ineaqsocvouz7q-cwg,1
fp-izkks1qha5vwid0nzxa,cgwtstibzshaisq1s8rwcq,3
jobp6l__-fl7fw7uoowwka,ajpdsouspanaksj8ufhzdq,1
7b1r84tneek-xy5uipltaq,z2yivr-c0k0h2slnxvnzyg,1
jm67tdhh8t1vhpaceoruog,dwau0ptroj2qsr_hz7jvoq,1
pcpyy0xjjm9allx5bp0iiw,kfwakurfdwkrl42hpsimuq,1
wbu6s1_0cgnm1rvl5kmpxa,-ottk-dic9hycbhjucaaca,1
6fzopvaz5-qgjebr-m4u_g,z6yxgj8uw0uf7djr65rc4w,3
jm67tdhh8t1vhpaceoruog,pcjorqe8rdmvvsnr49ws5w,1
oacl7cv19zxosk21hhh9ga,7xdpzewjmnusgfmrmmnwba,3
swgcr62v2rku3mqo1s-dlq,kfwakurfdwkrl42hpsimuq,2
_q6jp62txfvmfe-ytpz6kw,kfwakurfdwkrl42hpsimuq,3
62gnfh5fyska3mbrqmnqvg,rp29xzddigovb2b2w51nza,1
hvs6n04dkzhewjvzhb7tdg,akpywkarj_-zmnvbgplyrw,2
8sx-nglzycbbwt-ikbt9fw,7xdpzewjmnusgfmrmmnwba,1
xnbeecymptaeptfwewsqqa,i4emu1ncdfgf6cb0mkouzw,1
-kbod99nbgrwi8cgywvfxq,i4emu1ncdfgf6cb0mkouzw,2
kuq_w7z6hssbfmdutwhe9q,z2yivr-c0k0h2slnxvnzyg,2
rs806dpfucfah0mmvf0afg,akpywkarj_-zmnvbgplyrw,1
oupur7ovfugypb3_uwzsqw,i4emu1ncdfgf6cb0mkouzw,1
oopgz9iyzxsdlpxturzmtg,i4emu1ncdfgf6cb0mkouzw,3
hvs6n04dkzhewjvzhb7tdg,z2yivr-c0k0h2slnxvnzyg,3
cxvzlyhr9swkk70lk9dmuq,54rjpc8yum3qn_qbfgmlag,1
62gnfh5fyska3mbrqmnqvg,qzl6ineaqsocvouz7q-cwg,3
gbwju4howfk0llq9zqozya,akpywkarj_-zmnvbgplyrw,2
1cf0kgsaby-l7od8bh899w,z2yivr-c0k0h2slnxvnzyg,3
ecmkvsa_keibpu9gfqu4ca,kfwakurfdwkrl42hpsimuq,1
mcj-a0ogmiwzgbbdwpmfrw,qzl6ineaqsocvouz7q-cwg,1
fabg1edtfn78qtkrsfptzq,54rjpc8yum3qn_qbfgmlag,1
gjaud-7mzzk7usqxfayexg,7zbtrmkpaisch7ttsyy7dw,1
ecmkvsa_keibpu9gfqu4ca,bcsezr7yhywatnl--ydfqa,2
jm67tdhh8t1vhpaceoruog,fwug5szrlhlecr2g_dhprw,1
apllsjftslcozmidepbomw,-ottk-dic9hycbhjucaaca,1
x5i5ybipk4gk47lhoqd1eq,kfwakurfdwkrl42hpsimuq,3
mjht1f-o7n3rapkpsbpyug,z2yivr-c0k0h2slnxvnzyg,1
6osqyvcscsacqp9jqcoala,0zsktn2rr-ukxv5agenrng,1
7jcsqqk77_rwm9we_qqfka,ajpdsouspanaksj8ufhzdq,1
7d0dvtzjvpjp-3g2j2bzcg,mp0twgllsrffmsv-pzbw0g,1
tsms8cnl1xh-mqotzpu9ja,i4emu1ncdfgf6cb0mkouzw,3
z7hpxsf-xohlm5hysicmqw,7zbtrmkpaisch7ttsyy7dw,3
jrymn84fxlwovamcklxvaa,akpywkarj_-zmnvbgplyrw,1
wzpmoni560eowhxjsmqovw,xnjnubor08ynetn0ei_p3q,3
cpodthzsqatg_bc8a4an_w,rp29xzddigovb2b2w51nza,3
hhnlsytd9rluevgjdacxxq,i4emu1ncdfgf6cb0mkouzw,1
7myvlkqvxv_iinsnntk4nw,s-8hohngygicggkjw4kizg,3
njzxi5-ibd3-rzwifz8d_q,zllwgxyzgwhtg00fk0iutw,3
tr5sqmcgtnvxn_msmythaw,qzl6ineaqsocvouz7q-cwg,1
qjopd0woyyjsaqla4apbeg,akpywkarj_-zmnvbgplyrw,3
hwdybu_kvylsdefzgrnitw,a0flfsqkgk59l2wphi93mg,1
hw5rizfnb-b7g79vbtossa,qzl6ineaqsocvouz7q-cwg,1
8zif9bl2wu9boe6du0yaia,hqmaesdtkiqef-b3kxf7yw,1
tsms8cnl1xh-mqotzpu9ja,lhyevqrxhxgdddti0fml8q,1
ntl7i9zpgpsftii_mdf3lw,z6yxgj8uw0uf7djr65rc4w,1
zfidarnjrfsqwcsdhemzmg,kfwakurfdwkrl42hpsimuq,1
7mdpb_aapi-jcvwb3yyuzw,z2yivr-c0k0h2slnxvnzyg,1
jxdhef_hg3-smjs1qwbtyg,qqigwfee-2my54wrm11eaw,1
lfhicmcogu1krhtqvuvksa,kfwakurfdwkrl42hpsimuq,1
ztnaxkovqotpwkivxumkza,kfwakurfdwkrl42hpsimuq,1
k3conhqlmq2_mvw6psuahw,a7jstqvrzia6ys6sbtrltw,3
8nk1ekoc5k3kwrlne4qfuq,qbcpf1z-dher2myuyfcx4q,1
5lhrxut94tcw2svslq-zra,31zxnbknanw8shtraamiig,0
3mxvwrrmvotairjax0ufyg,vrx4zwdnlworsdo1a1nmiw,4
otqrr5hmkvtllmjmkzi60w,vxfycyyi3uex6iohkplvsq,1
ecmkvsa_keibpu9gfqu4ca,cuavylrrb7e2mnanseqcwq,3
1cf0kgsaby-l7od8bh899w,zllwgxyzgwhtg00fk0iutw,1
lrw1ilmql8g529jaqm6m-q,qzl6ineaqsocvouz7q-cwg,3
7d1iyzvkm_dk8aq6awe3cg,z6yxgj8uw0uf7djr65rc4w,3
tsdhi4xfwmsa3sch2heynw,mp0twgllsrffmsv-pzbw0g,1
eyduccfhgm_3iw5hexzlya,z2yivr-c0k0h2slnxvnzyg,3
ox0nic-2-6pb7v4jyi9ifa,s-8hohngygicggkjw4kizg,1
z7hpxsf-xohlm5hysicmqw,vdghmuurebzsg9nojwiyva,1
xnbeecymptaeptfwewsqqa,kfwakurfdwkrl42hpsimuq,3
sfq_t2hi9igvbbwzpkc9da,z6yxgj8uw0uf7djr65rc4w,1
reuq65eofi938yg8xgff9g,akpywkarj_-zmnvbgplyrw,1
oopgz9iyzxsdlpxturzmtg,kfwakurfdwkrl42hpsimuq,1
nmoogqt2kctwd5hr7nljbg,z6yxgj8uw0uf7djr65rc4w,3
eslvr2rz3hb1xneqipse8a,31zxnbknanw8shtraamiig,1
r76k_bixurloaixmcqmm5a,dnk2a_mwzfgqh_eexldraw,1
gjaud-7mzzk7usqxfayexg,ajpdsouspanaksj8ufhzdq,1
dxh8yxwzcg5ckj5kmdvkxw,a0flfsqkgk59l2wphi93mg,0
fv4b7ls8vr1jl8v4ac8-fq,jyiyv9qg43eunm09w_1u0a,1
rs5jztshxarj8kdjods0-g,a7jstqvrzia6ys6sbtrltw,3
zooacyf-jdf9yv5vkakcxq,6besmzwfsxwqtwr9m08mvg,2
urhlwkctlh8lqpoxbh76kg,lom02-vmgdo4ddqugkiiew,3
kjy-4e_zjtzayyxzgnoxla,i4emu1ncdfgf6cb0mkouzw,3
kzjbte_9tpfypalmjdr-ga,z2yivr-c0k0h2slnxvnzyg,1
3zspxdft6dq2ahjnymaiiq,zllwgxyzgwhtg00fk0iutw,1
_h9rof--muwleyxaqpvo2g,kfwakurfdwkrl42hpsimuq,1
oycblicsvwwmwba9l2cg6g,z6yxgj8uw0uf7djr65rc4w,1
z8q1lesixqfkpyynycooeg,akpywkarj_-zmnvbgplyrw,1
uhzrtq9-sggy1shksy4unw,lom02-vmgdo4ddqugkiiew,2
s4mgchcrjotjzooczcwxsq,z2yivr-c0k0h2slnxvnzyg,1
uhzwp2ohwlgwzuarhbqtkg,-luhd_d1l22l0ryvnwywfq,1
ckhxmpjiqj5dd99oh_hcmg,qbcpf1z-dher2myuyfcx4q,1
ckhxmpjiqj5dd99oh_hcmg,t2oqsshsbvbpr_xgbo1zrq,1
kn_02c9-jkpm3nakkk9mbg,54rjpc8yum3qn_qbfgmlag,1
5jjjy5_r06og56vfjic66a,rp29xzddigovb2b2w51nza,1
v2pkgi7mjkmyrzht2bmwqw,z2yivr-c0k0h2slnxvnzyg,3
5fxj0q8q6ixwx1v4g7chaw,z2yivr-c0k0h2slnxvnzyg,4
btef2oltepb9jrh06gyulw,9hghdqob4xwfeil3llbxuw,1
19jhoq7z6ldvjmwhopsc5w,_dhnp-uombcocpbnlsg9sq,1
bqzdpmqcxe0vulddyvixkg,i4emu1ncdfgf6cb0mkouzw,1
z8q1lesixqfkpyynycooeg,z2yivr-c0k0h2slnxvnzyg,1
ddyx12qttpmmdnuglh7x9q,uwezuiqjifn2pcrywy6p_a,1
gv5dyw5wq3iiwotsmtr02g,ghhukr_fp5q5d55zus91xg,1
ut-yzdky79szxynwk7zdzq,-y3oefg-glha0qp2iwlxoa,1
hnwpkahqddy5zqhvxk_vqa,v6vbg1sexfs2cx7yypzmfq,2
actdatqz6skfrltmatqk-w,6sntpzhcb95udx7wxxp2sg,1
yzecjajhyd2mg0i4f2syqa,rpvb3-_shv-nyfligflaww,1
splaiyz_8e0-hqnihe2glq,rpvb3-_shv-nyfligflaww,1
vroagsdldh4sfc3x25oabq,z6yxgj8uw0uf7djr65rc4w,2
rs5jztshxarj8kdjods0-g,0zsktn2rr-ukxv5agenrng,1
xdl9zf3sckkzde_48w6wea,lhyevqrxhxgdddti0fml8q,1
znfevpfw8uwufp2icqxv3w,zllwgxyzgwhtg00fk0iutw,3
pw4fnqcr-kkeepdzoj2f7w,z2yivr-c0k0h2slnxvnzyg,1
nnpus5hkwlhcprrk2mnqbw,kfwakurfdwkrl42hpsimuq,3
actdatqz6skfrltmatqk-w,d4o1badzmmajlhfbxatz1w,2
kjybpkrbgpmvuajungj4aw,lom02-vmgdo4ddqugkiiew,1
dtupcjyoyiwqpwolvq9jfw,emh9sowkh1w4r0_if9m4yw,2
ifacscc-jgommy06xpv2iw,-7bk_wselwccm6r1ijyh1q,1
fha2-uyzxierclvpgyioxa,mp0twgllsrffmsv-pzbw0g,4
ax3r3royn8cajadsx1nefa,i4emu1ncdfgf6cb0mkouzw,1
qmethzryavzxs9m1unjpdw,z2yivr-c0k0h2slnxvnzyg,4
otqrr5hmkvtllmjmkzi60w,5rywg6psznkp0q5-noypnw,1
sicr3-csqxqhfmmy6bki6g,31zxnbknanw8shtraamiig,1
eslvr2rz3hb1xneqipse8a,gnbdhfyftzbrda6_ls_hww,1
kn_02c9-jkpm3nakkk9mbg,7zbtrmkpaisch7ttsyy7dw,1
sqcnfm7ntmjahj8zxnnyzg,i4emu1ncdfgf6cb0mkouzw,3
pfv0w4gtztuserqowdurfa,qzl6ineaqsocvouz7q-cwg,1
8w_fb_ppm8tbewqap2dq4a,qzl6ineaqsocvouz7q-cwg,4
dnqzdlhyduch6tooekigya,-ottk-dic9hycbhjucaaca,1
qul3cdrrf1vednvaq06ria,i4emu1ncdfgf6cb0mkouzw,3
hwdybu_kvylsdefzgrnitw,dnk2a_mwzfgqh_eexldraw,1
_5kemamic7zzrnm5mvefbw,-l45pz9izx2mo5rzx2pwmw,1
_5kemamic7zzrnm5mvefbw,bcsezr7yhywatnl--ydfqa,1
pvyzxgokvtnu6966fdfhuw,dnk2a_mwzfgqh_eexldraw,1
pofyranppvrlayjsz3lvra,z2yivr-c0k0h2slnxvnzyg,2
k3-9a-clw2z8rquaw0rcxg,54rjpc8yum3qn_qbfgmlag,4
ie6rbmxeojhcs0uqqhn-aw,z6yxgj8uw0uf7djr65rc4w,1
8sx-nglzycbbwt-ikbt9fw,pcjorqe8rdmvvsnr49ws5w,1
z8q1lesixqfkpyynycooeg,ucvppdcyhis2-ou5rqvbra,1
aejm9aoisaanmlgnbok0rq,z6yxgj8uw0uf7djr65rc4w,1
vw1khicxk8zwilkxj9qkig,z6yxgj8uw0uf7djr65rc4w,1
woylqes-q1fjnkl8hgeu8g,kfwakurfdwkrl42hpsimuq,1
yk2x9zjolj2prgxhsr0ebq,7xdpzewjmnusgfmrmmnwba,3
papickeqfc_gsrzhdnad0g,ajpdsouspanaksj8ufhzdq,1
jdvmcjdeuuwz9-gt_xq2ta,akpywkarj_-zmnvbgplyrw,1
mfihjh0tgoagtyzyyvw8lq,-luhd_d1l22l0ryvnwywfq,1
st5khmoxf9d7bdznfllstg,zllwgxyzgwhtg00fk0iutw,1
wnfwoq63f9-ohuq-c0aeiw,kfwakurfdwkrl42hpsimuq,3
yikkxcuqdb04pvuw7ogtnw,6besmzwfsxwqtwr9m08mvg,3
jxdhef_hg3-smjs1qwbtyg,1h0anxlptacz2lgskv0nkw,1
ng9li2dv49mvnc501b67ua,qzl6ineaqsocvouz7q-cwg,1
lrguqt9tfapdpakf85gs1q,qqigwfee-2my54wrm11eaw,1
5jjjy5_r06og56vfjic66a,lom02-vmgdo4ddqugkiiew,1
hnwpkahqddy5zqhvxk_vqa,z6yxgj8uw0uf7djr65rc4w,1
snmgkblvhgz1tyx4nam6eg,9hghdqob4xwfeil3llbxuw,1
ecmkvsa_keibpu9gfqu4ca,i4emu1ncdfgf6cb0mkouzw,1
emzvzpiruzcnijxbp-tabg,qzl6ineaqsocvouz7q-cwg,1
kjybpkrbgpmvuajungj4aw,akpywkarj_-zmnvbgplyrw,1
zprnd3fdu7zoux0jhjgorg,qzl6ineaqsocvouz7q-cwg,3
hnwpkahqddy5zqhvxk_vqa,i4emu1ncdfgf6cb0mkouzw,3
oycblicsvwwmwba9l2cg6g,v6vbg1sexfs2cx7yypzmfq,1
taibkwczl77lu3-n7bofmq,6mzdzkxjwoxmsywewxmhva,1
yzecjajhyd2mg0i4f2syqa,lom02-vmgdo4ddqugkiiew,1
gjaud-7mzzk7usqxfayexg,ghhukr_fp5q5d55zus91xg,1
nmoogqt2kctwd5hr7nljbg,zllwgxyzgwhtg00fk0iutw,1
iwjdbnzftmqnqqbc5twwpw,z2yivr-c0k0h2slnxvnzyg,2
gjaud-7mzzk7usqxfayexg,uth6sgbyirlgut3hbxuvla,1
dvo4nwvpaho8odrr9nfgyq,lhyevqrxhxgdddti0fml8q,1
lisw9pkjdknt7imo8b3xga,wyxtocxq6i1ab8cege1x2w,3
urhlwkctlh8lqpoxbh76kg,dagjh-2ji8qkfvuay77hpw,3
hntqqcmn_k_leccohc3baa,aavi3267b1due7xzqcjwkw,1
ly2cy810nyr8xui2esf2ma,54rjpc8yum3qn_qbfgmlag,3
z8q1lesixqfkpyynycooeg,7mwn0zxxjnbwj6hvsbjgpg,1
cwpbgn0skxuyzv9gptg5dq,z2yivr-c0k0h2slnxvnzyg,2
-j2wxptyro_lvrl_bprgia,z6yxgj8uw0uf7djr65rc4w,3
kjausirwhr9bf9kxombvvg,z2yivr-c0k0h2slnxvnzyg,1
dwnha9vghakd9zezjakv-w,zyejstbyzjkc1bhec_4xha,1
jm67tdhh8t1vhpaceoruog,qzl6ineaqsocvouz7q-cwg,1
ecmkvsa_keibpu9gfqu4ca,pcjorqe8rdmvvsnr49ws5w,3
kvxmbtavjo1hae1jcyclia,zllwgxyzgwhtg00fk0iutw,3
5jjjy5_r06og56vfjic66a,ix3cke00zfoaftuiufbz5g,3
8sx-nglzycbbwt-ikbt9fw,qzl6ineaqsocvouz7q-cwg,2
zazmq_ahuowwzejhvaoqsg,z6yxgj8uw0uf7djr65rc4w,1
x5i5ybipk4gk47lhoqd1eq,dwau0ptroj2qsr_hz7jvoq,3
ts_u3wkid0rmlanzqvbcug,z2yivr-c0k0h2slnxvnzyg,1
vvmwx-ccojmh5hko0a_zca,qzl6ineaqsocvouz7q-cwg,1
uhzwp2ohwlgwzuarhbqtkg,hqmyvvykpl05i2itdhmigw,1
hnwpkahqddy5zqhvxk_vqa,pcjorqe8rdmvvsnr49ws5w,1
5cgjjdaic2-favctihpyta,kfwakurfdwkrl42hpsimuq,1
k3conhqlmq2_mvw6psuahw,6du78g14y2mydsewxcwomw,1
zxsore3ons-i9tin70zjcw,7xdpzewjmnusgfmrmmnwba,1
jm67tdhh8t1vhpaceoruog,wb3whs79wdxgtnek8n51qa,0
xshjgi3uuenefnlyhr1deg,i4emu1ncdfgf6cb0mkouzw,0
zovndd3rmirotwtikl_jog,z2yivr-c0k0h2slnxvnzyg,4
bbvyfnbfrhc_jgc1cfmuaa,z6yxgj8uw0uf7djr65rc4w,1
6fzopvaz5-qgjebr-m4u_g,i4emu1ncdfgf6cb0mkouzw,1
7d1iyzvkm_dk8aq6awe3cg,zllwgxyzgwhtg00fk0iutw,2
jm67tdhh8t1vhpaceoruog,uwezuiqjifn2pcrywy6p_a,1
6owwbv_f8tqti4zmnn2yma,akpywkarj_-zmnvbgplyrw,1
s7xifcwznheumzsz4eiaha,lom02-vmgdo4ddqugkiiew,1
whbzvnzi-wuokjyfvk7zga,gpidzcovaymrexcwf8giqg,1
mmm4iodp2wgtajoehvsaug,rpvb3-_shv-nyfligflaww,0
cmc0bdm81y7bj63moxvwfw,kfwakurfdwkrl42hpsimuq,3
wypwbbis9q9pugf51zslyw,akpywkarj_-zmnvbgplyrw,1
wbu6s1_0cgnm1rvl5kmpxa,92uwipi_doqfcp9dxhoeqq,2
f55wgvjxpai7h1f_dxot7q,kfwakurfdwkrl42hpsimuq,3
rh27ydfpr-foia2bhb2z5g,mgboupahaxai0kpticl9jq,2
m3-g-j5yz3xaq4-zjkfnqq,qzl6ineaqsocvouz7q-cwg,1
epm0udfrzthvisik5gsp1q,mp0twgllsrffmsv-pzbw0g,1
ayf3nr0kpokpfmbwirfzmg,i4emu1ncdfgf6cb0mkouzw,1
odpnjlfom0ymefczmfikrw,emh9sowkh1w4r0_if9m4yw,1
1ntf_a76vcwx6doka_lzba,akpywkarj_-zmnvbgplyrw,4
awrtmmmk0xu-bfk4bkd9xw,92uwipi_doqfcp9dxhoeqq,1
rs5jztshxarj8kdjods0-g,kfwakurfdwkrl42hpsimuq,1
jm67tdhh8t1vhpaceoruog,gnbdhfyftzbrda6_ls_hww,1
2bsnzuw3vqv23lcpn7w_wq,z2yivr-c0k0h2slnxvnzyg,1
b0mqpnc5nwjm1b7vwmic7a,akpywkarj_-zmnvbgplyrw,3
z7hpxsf-xohlm5hysicmqw,j_wnxyea01p9tin99crupq,3
evxyv4ji-618bnrcdniowq,z6yxgj8uw0uf7djr65rc4w,3
byszs1zu9clw5dzc5urtla,v6vbg1sexfs2cx7yypzmfq,1
htivdsiy_rbmjc65az3yaa,kfwakurfdwkrl42hpsimuq,3
xshjgi3uuenefnlyhr1deg,kfwakurfdwkrl42hpsimuq,3
wovqeyjn52dmihreppgm7g,z2yivr-c0k0h2slnxvnzyg,1
9clbizcnn5n6_xtwztpwta,gpidzcovaymrexcwf8giqg,3
n4td6axyrfajkx2esvukmw,qzl6ineaqsocvouz7q-cwg,3
lhwprebzorygxa4tpimq3g,a0flfsqkgk59l2wphi93mg,1
t-l68rfi_jg8kba9jcu3kw,z6yxgj8uw0uf7djr65rc4w,1
4jqma5vhpq4w2aa6uuw7ma,z6yxgj8uw0uf7djr65rc4w,1
aejm9aoisaanmlgnbok0rq,z2yivr-c0k0h2slnxvnzyg,1
-do8znx9e9r8kn4uiqrhjq,i4emu1ncdfgf6cb0mkouzw,3
cvvfcyfbsly9zlvuot0ssg,akpywkarj_-zmnvbgplyrw,1
ly2cy810nyr8xui2esf2ma,7zbtrmkpaisch7ttsyy7dw,3
jk8szimwzuzxge7wqzmufg,kfwakurfdwkrl42hpsimuq,1
ry1o_kxzhgri8g5zbr3icq,aavi3267b1due7xzqcjwkw,3
xk1-n1mvqgfnouuecyonsa,z2yivr-c0k0h2slnxvnzyg,1
ecmkvsa_keibpu9gfqu4ca,hqmaesdtkiqef-b3kxf7yw,1
yikkxcuqdb04pvuw7ogtnw,gnbdhfyftzbrda6_ls_hww,3
dtupcjyoyiwqpwolvq9jfw,5rywg6psznkp0q5-noypnw,1
ueqydcz76ae03wapbf9qww,z6yxgj8uw0uf7djr65rc4w,1
xdl9zf3sckkzde_48w6wea,i4emu1ncdfgf6cb0mkouzw,1
rvcwfbrrl0qnyg9t9qitcw,lom02-vmgdo4ddqugkiiew,3
jm67tdhh8t1vhpaceoruog,aavi3267b1due7xzqcjwkw,1
8sx-nglzycbbwt-ikbt9fw,wtfdozwp0dyzrdijzexwbw,1
kzjbte_9tpfypalmjdr-ga,jyiyv9qg43eunm09w_1u0a,1
cixjbfjraeteikpzzg4i9g,zllwgxyzgwhtg00fk0iutw,1
8sx-nglzycbbwt-ikbt9fw,vrx4zwdnlworsdo1a1nmiw,1
slgksuygcavarfnqnavv_w,cktlfw4j5gnuvmpnjlywfa,2
_1deenktphiqf6djdozpia,akpywkarj_-zmnvbgplyrw,2
oycblicsvwwmwba9l2cg6g,z2yivr-c0k0h2slnxvnzyg,3
yx14lfp2jgsytszsxykfqw,kfwakurfdwkrl42hpsimuq,1
kudmrgcvjhfchextnh1d4q,akpywkarj_-zmnvbgplyrw,2
gjaud-7mzzk7usqxfayexg,vxfycyyi3uex6iohkplvsq,1
j7gwutpo0rwodwkwequkxa,qzl6ineaqsocvouz7q-cwg,4
mfihjh0tgoagtyzyyvw8lq,z2yivr-c0k0h2slnxvnzyg,1
dmusvfmmj0ja8iz7xgpeqq,zllwgxyzgwhtg00fk0iutw,3
8sx-nglzycbbwt-ikbt9fw,cgwtstibzshaisq1s8rwcq,3
ly2cy810nyr8xui2esf2ma,z2yivr-c0k0h2slnxvnzyg,3
_q6jp62txfvmfe-ytpz6kw,cgwtstibzshaisq1s8rwcq,3
rw4mceev8-cv4yy54alqia,z2yivr-c0k0h2slnxvnzyg,3
6ckhxvjfupxg7zoeysirza,kfwakurfdwkrl42hpsimuq,1
sqcnfm7ntmjahj8zxnnyzg,pcjorqe8rdmvvsnr49ws5w,1
z7hpxsf-xohlm5hysicmqw,xa9ejaqf1vr0k1p6udr1ua,1
etbyv4twrkh6jr0rcwv_ja,dnk2a_mwzfgqh_eexldraw,1
m1fovzqloedhzthqnbkc6w,kltrbp5jfucczqhcba46fg,2
gjaud-7mzzk7usqxfayexg,hqmaesdtkiqef-b3kxf7yw,1
msybc4ong6l8r3jzg1t0dq,iqi4dqr2hcejirxvqyikxw,1
vb-cvjuwzfegr89fbchzpg,z2yivr-c0k0h2slnxvnzyg,1
2l8ruzap_-dy3lvgyshosa,fcwxek7nwqiw1xncicvl6w,1
z4whsim-dx0wn9o1hcbb5w,lom02-vmgdo4ddqugkiiew,1
jxdhef_hg3-smjs1qwbtyg,ajpdsouspanaksj8ufhzdq,2
bmzzn0xgyfov1hlfxd0boa,pcjorqe8rdmvvsnr49ws5w,1
snmgkblvhgz1tyx4nam6eg,z2yivr-c0k0h2slnxvnzyg,1
cad7fty8vhze4awao-elcq,z2yivr-c0k0h2slnxvnzyg,1
m7psaybszcthouv9bq2fug,dwau0ptroj2qsr_hz7jvoq,2
dtupcjyoyiwqpwolvq9jfw,zllwgxyzgwhtg00fk0iutw,3
hwdybu_kvylsdefzgrnitw,aavi3267b1due7xzqcjwkw,0
18ayy-6jnlky57v6-sk9_w,akpywkarj_-zmnvbgplyrw,0
jm67tdhh8t1vhpaceoruog,sse6qosivnxd2zrluit7dw,1
faa2nvxnydfmzsyhnwb36g,akpywkarj_-zmnvbgplyrw,1
z8q1lesixqfkpyynycooeg,i4emu1ncdfgf6cb0mkouzw,3
rzv2jvrqvjg6br20be3nnq,dnk2a_mwzfgqh_eexldraw,1
kudmrgcvjhfchextnh1d4q,dwau0ptroj2qsr_hz7jvoq,1
gv5dyw5wq3iiwotsmtr02g,zllwgxyzgwhtg00fk0iutw,3
tskhy0aoss7zkv9jg8oymw,_dhnp-uombcocpbnlsg9sq,0
760bmudvhijphn6y6rjaya,akpywkarj_-zmnvbgplyrw,1
8zif9bl2wu9boe6du0yaia,-ottk-dic9hycbhjucaaca,0
x3_1twqpq2h3j4srasd1qa,i4emu1ncdfgf6cb0mkouzw,1
uhzwp2ohwlgwzuarhbqtkg,9hghdqob4xwfeil3llbxuw,3
jbn2rxdu-tllkyhdsogdsw,z2yivr-c0k0h2slnxvnzyg,1
rh27ydfpr-foia2bhb2z5g,7mwn0zxxjnbwj6hvsbjgpg,1
yx14lfp2jgsytszsxykfqw,z6yxgj8uw0uf7djr65rc4w,1
-zlbgvsg4jw_s8lrjtlq2w,hqmaesdtkiqef-b3kxf7yw,1
htzxdwzrt4xd7ugy4t0yaw,qzl6ineaqsocvouz7q-cwg,1
jm67tdhh8t1vhpaceoruog,qqigwfee-2my54wrm11eaw,1
ylfw5m3kolsisqfcokminq,ajpdsouspanaksj8ufhzdq,1
lycecndsxtgimxzr_k7iag,6du78g14y2mydsewxcwomw,0
njzxi5-ibd3-rzwifz8d_q,mkkfi_lgu6epremxks3prg,3
c3_adjalmy4ejyqhuxadga,ghhukr_fp5q5d55zus91xg,1
slgpanj2gqd44em_uq6dkq,9-nrxreu72tmf_l1b9z6ig,1
snmgkblvhgz1tyx4nam6eg,ajpdsouspanaksj8ufhzdq,1
snmgkblvhgz1tyx4nam6eg,akpywkarj_-zmnvbgplyrw,1
awrtmmmk0xu-bfk4bkd9xw,lom02-vmgdo4ddqugkiiew,2
czgmlinqywdrm-c9_1iova,z2yivr-c0k0h2slnxvnzyg,1
gjaud-7mzzk7usqxfayexg,kfwakurfdwkrl42hpsimuq,3
zm41r3milwxc8iufprmsmq,kfwakurfdwkrl42hpsimuq,1
guuwbwzelomnew9asqpxja,j1qzlzsubvmzqgl_zhgyeq,1
cd2pjsqbagwntb75mng30g,z6yxgj8uw0uf7djr65rc4w,3
qd5dawz4lnxmcf1iwt1s1q,i4emu1ncdfgf6cb0mkouzw,3
slgpanj2gqd44em_uq6dkq,qzl6ineaqsocvouz7q-cwg,1
sfvvzpftbpqlwf9yzneova,zllwgxyzgwhtg00fk0iutw,1
f5ch-_5ywgcqcaj_mqkubq,ghgqhpz8ndo2tctmfs-cga,1
hvs6n04dkzhewjvzhb7tdg,kfwakurfdwkrl42hpsimuq,4
obvcftk3qrn4p7nwo-qiha,wkh46s0sgvginbumdkjs2q,3
dtupcjyoyiwqpwolvq9jfw,zyejstbyzjkc1bhec_4xha,1
kzjbte_9tpfypalmjdr-ga,zllwgxyzgwhtg00fk0iutw,3
reuq65eofi938yg8xgff9g,qzl6ineaqsocvouz7q-cwg,4
i3ryn4tf6l9ybuz8zc4ioq,cuavylrrb7e2mnanseqcwq,1
htivdsiy_rbmjc65az3yaa,zllwgxyzgwhtg00fk0iutw,3
7d0dvtzjvpjp-3g2j2bzcg,z2yivr-c0k0h2slnxvnzyg,1
z0bopyvdw2tutrgp0szsva,qzl6ineaqsocvouz7q-cwg,3
rmz9guyoghyssgkg5mzzhw,kfwakurfdwkrl42hpsimuq,1
fci5padks10tji0ogsijlw,mgboupahaxai0kpticl9jq,0
8sx-nglzycbbwt-ikbt9fw,7mwn0zxxjnbwj6hvsbjgpg,0
z4_0ltazq2qqqlcbxbekma,ghgqhpz8ndo2tctmfs-cga,3
reuq65eofi938yg8xgff9g,9-nrxreu72tmf_l1b9z6ig,1
o4nm1hukybethxuorksiqq,bhwuajfy-fhtnxtrnxh1ta,1
fv4b7ls8vr1jl8v4ac8-fq,0075mxnlktuovyd-q-lpqq,1
tsms8cnl1xh-mqotzpu9ja,gzutasavmhm6o0rfgjpmwa,1
2b8sd9l5g8woh_xpvbst7g,zllwgxyzgwhtg00fk0iutw,2
dtupcjyoyiwqpwolvq9jfw,cuavylrrb7e2mnanseqcwq,2
760bmudvhijphn6y6rjaya,z6yxgj8uw0uf7djr65rc4w,3
kuohsficme3u_-estv5ycw,z6yxgj8uw0uf7djr65rc4w,3
awrtmmmk0xu-bfk4bkd9xw,t2oqsshsbvbpr_xgbo1zrq,1
vtdifvv-jffyc6xzmkpk-g,dnk2a_mwzfgqh_eexldraw,1
po3m1uxlnvecjt-ftalfrq,mgboupahaxai0kpticl9jq,3
-5e4vtnu_pr4gpv3vsncaw,_kgpwo-rq6qy8hkxtjrdra,1
62gnfh5fyska3mbrqmnqvg,0zsktn2rr-ukxv5agenrng,3
ox0nic-2-6pb7v4jyi9ifa,z2yivr-c0k0h2slnxvnzyg,1
_5kemamic7zzrnm5mvefbw,z6yxgj8uw0uf7djr65rc4w,1
xdl9zf3sckkzde_48w6wea,0zsktn2rr-ukxv5agenrng,3
neptb8p3nyqkkap0dz0__g,7xvq1fdbulibymeu2kxhrg,1
gh5eh9bxytatwwj2wpbiga,z2yivr-c0k0h2slnxvnzyg,1
gjaud-7mzzk7usqxfayexg,54rjpc8yum3qn_qbfgmlag,3
oopgz9iyzxsdlpxturzmtg,cuavylrrb7e2mnanseqcwq,3
vletsn3glsgfch3__puulg,-ottk-dic9hycbhjucaaca,1
awrtmmmk0xu-bfk4bkd9xw,7mwn0zxxjnbwj6hvsbjgpg,1
uhzwp2ohwlgwzuarhbqtkg,tbuhd1cbx4aloij4oo_ftw,2
f-qv5_fbmjte5fdopaxvda,z2yivr-c0k0h2slnxvnzyg,2
dtupcjyoyiwqpwolvq9jfw,-l45pz9izx2mo5rzx2pwmw,1
sqcnfm7ntmjahj8zxnnyzg,hqmaesdtkiqef-b3kxf7yw,1
gb21fbs6bw5vxr1avb8w6g,0zsktn2rr-ukxv5agenrng,1
7d0dvtzjvpjp-3g2j2bzcg,ix3cke00zfoaftuiufbz5g,2
gjaud-7mzzk7usqxfayexg,-l45pz9izx2mo5rzx2pwmw,2
h-vddvep2x7anip3d8o6tg,kfwakurfdwkrl42hpsimuq,1
javz1pbptg0pjndbkrdggg,mgboupahaxai0kpticl9jq,3
uhzwp2ohwlgwzuarhbqtkg,mgboupahaxai0kpticl9jq,1
ih_xg_g9ofsssc2z7h7qng,z2yivr-c0k0h2slnxvnzyg,1
6fzopvaz5-qgjebr-m4u_g,63sbhhsdfepk6cfzwlequg,3
sqcnfm7ntmjahj8zxnnyzg,kfwakurfdwkrl42hpsimuq,1
hi-hua-vrbzjso7n3w42vg,rp29xzddigovb2b2w51nza,1
jm67tdhh8t1vhpaceoruog,t2oqsshsbvbpr_xgbo1zrq,1
jm67tdhh8t1vhpaceoruog,mgboupahaxai0kpticl9jq,1
jxdhef_hg3-smjs1qwbtyg,tbuhd1cbx4aloij4oo_ftw,1
jm67tdhh8t1vhpaceoruog,dnk2a_mwzfgqh_eexldraw,1
52jtkdqgs6_nx2ukrtzozw,qzrlwry5x8ybfagacriahg,3
1cf0kgsaby-l7od8bh899w,kfwakurfdwkrl42hpsimuq,3
tjiiv-os_w4u7zv_t7aqww,akpywkarj_-zmnvbgplyrw,1
zazmq_ahuowwzejhvaoqsg,qqigwfee-2my54wrm11eaw,1
urhlwkctlh8lqpoxbh76kg,xnjnubor08ynetn0ei_p3q,1
gv5dyw5wq3iiwotsmtr02g,kfwakurfdwkrl42hpsimuq,1
kjybpkrbgpmvuajungj4aw,ghhukr_fp5q5d55zus91xg,1
zxsore3ons-i9tin70zjcw,qqigwfee-2my54wrm11eaw,2
gjaud-7mzzk7usqxfayexg,vt_bqgnie3u_1rcrfvyagq,3
btef2oltepb9jrh06gyulw,ajpdsouspanaksj8ufhzdq,3
xikff70wmlbwt2ojufy6eq,akpywkarj_-zmnvbgplyrw,1
8zif9bl2wu9boe6du0yaia,ghhukr_fp5q5d55zus91xg,1
gssfxyiahzdiqquogvaloa,vrx4zwdnlworsdo1a1nmiw,1
j1-2jdespyn20bfi-lcymq,98ln9hua8fkdfalmwderna,3
ljk1dxdwc-ip9nubae_2fq,kfwakurfdwkrl42hpsimuq,1
kjybpkrbgpmvuajungj4aw,aavi3267b1due7xzqcjwkw,1
kzjbte_9tpfypalmjdr-ga,i4emu1ncdfgf6cb0mkouzw,1
8zif9bl2wu9boe6du0yaia,0zsktn2rr-ukxv5agenrng,1
nvmt7oojnxq0-n_8xw_88a,qzl6ineaqsocvouz7q-cwg,1
q7gcqimrxhqjctanv_mvvq,zllwgxyzgwhtg00fk0iutw,2
jm67tdhh8t1vhpaceoruog,d4o1badzmmajlhfbxatz1w,1
yyhjxydv93rxvh0lyj20ua,kfwakurfdwkrl42hpsimuq,1
oopgz9iyzxsdlpxturzmtg,zllwgxyzgwhtg00fk0iutw,3
ox2koukqbqstgihsrhy1ha,kfwakurfdwkrl42hpsimuq,1
dtupcjyoyiwqpwolvq9jfw,mp0twgllsrffmsv-pzbw0g,1
awrtmmmk0xu-bfk4bkd9xw,gnbdhfyftzbrda6_ls_hww,2
19jhoq7z6ldvjmwhopsc5w,kfwakurfdwkrl42hpsimuq,3
qlefbaxn9zwt62njynydfq,z2yivr-c0k0h2slnxvnzyg,3
jxdhef_hg3-smjs1qwbtyg,7mwn0zxxjnbwj6hvsbjgpg,1
kjybpkrbgpmvuajungj4aw,6xwzrp2umqpvazam02ktcw,2
htzxdwzrt4xd7ugy4t0yaw,i4emu1ncdfgf6cb0mkouzw,1
tjtn57lxyxurktm9nyy4ha,hqmaesdtkiqef-b3kxf7yw,1
gnxcqfmgciviplghe9wltw,v6vbg1sexfs2cx7yypzmfq,3
advsjwpdg3sh2oloye7esg,qzl6ineaqsocvouz7q-cwg,1
gjaud-7mzzk7usqxfayexg,i4emu1ncdfgf6cb0mkouzw,1
cxdk9i6jsh479sphc07ava,akpywkarj_-zmnvbgplyrw,2
jm67tdhh8t1vhpaceoruog,akpywkarj_-zmnvbgplyrw,1
jm67tdhh8t1vhpaceoruog,-7bk_wselwccm6r1ijyh1q,1
yk2x9zjolj2prgxhsr0ebq,z6yxgj8uw0uf7djr65rc4w,3
4on3bu0p5ynofkyamziwiq,-y3oefg-glha0qp2iwlxoa,1
neptb8p3nyqkkap0dz0__g,1nygvsyk2ii0xptoi5-tfa,0
d-ximqdobuylr6kkczxuow,kfwakurfdwkrl42hpsimuq,1
zazmq_ahuowwzejhvaoqsg,7xdpzewjmnusgfmrmmnwba,3
euiuio9wiap0x_nc0o6p2g,uwezuiqjifn2pcrywy6p_a,1
gjaud-7mzzk7usqxfayexg,pcjorqe8rdmvvsnr49ws5w,1
6owwbv_f8tqti4zmnn2yma,7mwn0zxxjnbwj6hvsbjgpg,1
-_fs4txfbj6ej9tewg0qdq,zllwgxyzgwhtg00fk0iutw,3
odpnjlfom0ymefczmfikrw,vfgrn_5vxelojkcidzct9g,1
bbvyfnbfrhc_jgc1cfmuaa,ozp_ewqapeoqvbr9qdyevq,3
hnwpkahqddy5zqhvxk_vqa,_uzqqznrzl0rsmoopqrtnw,1
dmusvfmmj0ja8iz7xgpeqq,vxfycyyi3uex6iohkplvsq,3
yikkxcuqdb04pvuw7ogtnw,mp0twgllsrffmsv-pzbw0g,1
jmlmcjtnpwms6yks7kea8w,9hghdqob4xwfeil3llbxuw,1
kghginw1ovtrtz390q9gva,dnk2a_mwzfgqh_eexldraw,1
3kkgsj3uahcmnf-yzx9grw,z6yxgj8uw0uf7djr65rc4w,1
kzzdrsve51cpsb8g3rovbg,i4emu1ncdfgf6cb0mkouzw,1
ntl7i9zpgpsftii_mdf3lw,kfwakurfdwkrl42hpsimuq,1
6ckhxvjfupxg7zoeysirza,a7jstqvrzia6ys6sbtrltw,1
rkrmvzt9ecczmz5laczutq,_kgpwo-rq6qy8hkxtjrdra,1
sabhdugrjmoiqqlnh0h0yq,kfwakurfdwkrl42hpsimuq,1
fabg1edtfn78qtkrsfptzq,ghgqhpz8ndo2tctmfs-cga,1
hntqqcmn_k_leccohc3baa,dnk2a_mwzfgqh_eexldraw,1
vw3wml_ne8hc2cnjlgdwsw,uwezuiqjifn2pcrywy6p_a,1
_1oavzjn6mimk8calfea9a,mp0twgllsrffmsv-pzbw0g,1
jm67tdhh8t1vhpaceoruog,ajpdsouspanaksj8ufhzdq,1
vkuluxlvylwdttu7h1_y5q,kfwakurfdwkrl42hpsimuq,1
xs5avrj9f5-nzxcbbzkd0q,zllwgxyzgwhtg00fk0iutw,0
4o0kkpakyo6r0nhxmobteq,qzl6ineaqsocvouz7q-cwg,1
kd6uvpughr4chf8wlhljda,_esurowa4ukvs95iaepula,1
w9psgvdwjxf5ipliw2_c9q,dnk2a_mwzfgqh_eexldraw,1
tqiaikisujzzwejbdbmxyg,qzl6ineaqsocvouz7q-cwg,3
j4e8gntgzmnco-r8h-cn1w,z2yivr-c0k0h2slnxvnzyg,4
oycblicsvwwmwba9l2cg6g,lom02-vmgdo4ddqugkiiew,4
_8c0vsnpu2ysw8nq_a8b4g,qzl6ineaqsocvouz7q-cwg,1
f55wgvjxpai7h1f_dxot7q,_dhnp-uombcocpbnlsg9sq,3
xnbeecymptaeptfwewsqqa,z2yivr-c0k0h2slnxvnzyg,1
5jjjy5_r06og56vfjic66a,wyxtocxq6i1ab8cege1x2w,2
kjybpkrbgpmvuajungj4aw,6besmzwfsxwqtwr9m08mvg,1
eslvr2rz3hb1xneqipse8a,6besmzwfsxwqtwr9m08mvg,3
dxen02vo6jg78q1zibrm8q,kfwakurfdwkrl42hpsimuq,0
yikkxcuqdb04pvuw7ogtnw,1h0anxlptacz2lgskv0nkw,1
xrabddkt3ekz5lj-dye55g,6mzdzkxjwoxmsywewxmhva,2
6xtkq5pcnyip-ud9dc9svq,z2yivr-c0k0h2slnxvnzyg,2
ztnaxkovqotpwkivxumkza,7xvq1fdbulibymeu2kxhrg,3
7d0dvtzjvpjp-3g2j2bzcg,ozp_ewqapeoqvbr9qdyevq,1
ovfbhet28ymjw6hbbhp_ga,mp0twgllsrffmsv-pzbw0g,3
j4e8gntgzmnco-r8h-cn1w,akpywkarj_-zmnvbgplyrw,1
oacl7cv19zxosk21hhh9ga,z2yivr-c0k0h2slnxvnzyg,1
ecmkvsa_keibpu9gfqu4ca,0zsktn2rr-ukxv5agenrng,1
kzjbte_9tpfypalmjdr-ga,kfwakurfdwkrl42hpsimuq,3
kjybpkrbgpmvuajungj4aw,4i5fs2iyh3lyuziuhkzejg,4
ovtuigyuhewxftl4no9rwg,z6yxgj8uw0uf7djr65rc4w,1
yqhbplppuxja-s1btkayfa,kfwakurfdwkrl42hpsimuq,1
bu3re3ddxmfabceoytyrhq,z2yivr-c0k0h2slnxvnzyg,1
awrtmmmk0xu-bfk4bkd9xw,ajpdsouspanaksj8ufhzdq,1
__5a9kqhmqhb0dbi3uexpg,z6yxgj8uw0uf7djr65rc4w,3
kghginw1ovtrtz390q9gva,pcjorqe8rdmvvsnr49ws5w,3
awrtmmmk0xu-bfk4bkd9xw,qqigwfee-2my54wrm11eaw,1
o0wpvayrehvkplw4ytmcoa,7mwn0zxxjnbwj6hvsbjgpg,0
hm9gudg02fympvfumqeh8q,akpywkarj_-zmnvbgplyrw,1
awrtmmmk0xu-bfk4bkd9xw,s-8hohngygicggkjw4kizg,0
z7hpxsf-xohlm5hysicmqw,ozp_ewqapeoqvbr9qdyevq,1
5jjjy5_r06og56vfjic66a,z6yxgj8uw0uf7djr65rc4w,0
bbvyfnbfrhc_jgc1cfmuaa,pcjorqe8rdmvvsnr49ws5w,1
ug0ujy9-jd0oc2nk3kiota,ix3cke00zfoaftuiufbz5g,4
jxdhef_hg3-smjs1qwbtyg,t2oqsshsbvbpr_xgbo1zrq,1
kjybpkrbgpmvuajungj4aw,i4emu1ncdfgf6cb0mkouzw,2
gbwju4howfk0llq9zqozya,i4emu1ncdfgf6cb0mkouzw,1
dmusvfmmj0ja8iz7xgpeqq,-luhd_d1l22l0ryvnwywfq,3
qlgfeumhrhq6lgbeokczdw,kfwakurfdwkrl42hpsimuq,3
c-1biwacmahtd4atolwnpq,ghhukr_fp5q5d55zus91xg,2
cuesgu3r7yyzbel0kyurkq,wb3whs79wdxgtnek8n51qa,2
yikkxcuqdb04pvuw7ogtnw,z2yivr-c0k0h2slnxvnzyg,1
qd5dawz4lnxmcf1iwt1s1q,z6yxgj8uw0uf7djr65rc4w,1
ug0ujy9-jd0oc2nk3kiota,0075mxnlktuovyd-q-lpqq,1
cjhwrukxhhley9n9nls07q,z2yivr-c0k0h2slnxvnzyg,1
vgwfkri1vfeaqxkcsxpvoa,v6vbg1sexfs2cx7yypzmfq,1
m6oljvnpf00vnrddigwrjw,z2yivr-c0k0h2slnxvnzyg,1
oopgz9iyzxsdlpxturzmtg,ajpdsouspanaksj8ufhzdq,1
6jlniop59wvlffhx8c4tva,a0flfsqkgk59l2wphi93mg,3
nmoogqt2kctwd5hr7nljbg,kfwakurfdwkrl42hpsimuq,3
ecmkvsa_keibpu9gfqu4ca,wyxtocxq6i1ab8cege1x2w,1
otqrr5hmkvtllmjmkzi60w,kfwakurfdwkrl42hpsimuq,3
z8q1lesixqfkpyynycooeg,4i5fs2iyh3lyuziuhkzejg,3
aycvjqvcnsic1rtkfpe2nq,qqigwfee-2my54wrm11eaw,1
q6uo8zsi-_exeoczqhrzkg,z6yxgj8uw0uf7djr65rc4w,3
azkrd9drwo53-seeecdb_q,ajpdsouspanaksj8ufhzdq,1
c-1biwacmahtd4atolwnpq,0zsktn2rr-ukxv5agenrng,1
jobp6l__-fl7fw7uoowwka,_mecyj3lscsd4f9zkbmyna,1
taxrpl_mpmses00cjmefew,-y3oefg-glha0qp2iwlxoa,2
-ewqzjrhakmddhw_dztvdw,_esurowa4ukvs95iaepula,1
52jtkdqgs6_nx2ukrtzozw,98ln9hua8fkdfalmwderna,1
awlmwfvducptmo1ibql3ea,kfwakurfdwkrl42hpsimuq,3
jm67tdhh8t1vhpaceoruog,ghhukr_fp5q5d55zus91xg,1
s7xifcwznheumzsz4eiaha,_esurowa4ukvs95iaepula,1
jm67tdhh8t1vhpaceoruog,54rjpc8yum3qn_qbfgmlag,0
awrtmmmk0xu-bfk4bkd9xw,54rjpc8yum3qn_qbfgmlag,1
ra9oxjx9jkwxnz58jerwiq,qzl6ineaqsocvouz7q-cwg,1
i_eassnceqc1jrfdbjbevw,7mwn0zxxjnbwj6hvsbjgpg,0
f55wgvjxpai7h1f_dxot7q,akv7uvaqoryebx66-h6hsq,1
wbu6s1_0cgnm1rvl5kmpxa,1h0anxlptacz2lgskv0nkw,3
5jjjy5_r06og56vfjic66a,qbcpf1z-dher2myuyfcx4q,1
zazmq_ahuowwzejhvaoqsg,2ibedt1v99dnqcwwwt4u1a,1
cvpijb9wxfh8peo5jozcsq,z6yxgj8uw0uf7djr65rc4w,3
uhzwp2ohwlgwzuarhbqtkg,zllwgxyzgwhtg00fk0iutw,3
cr5r9-fgicqc8coz-gcw6q,qzl6ineaqsocvouz7q-cwg,3
jm67tdhh8t1vhpaceoruog,s-8hohngygicggkjw4kizg,3
awrtmmmk0xu-bfk4bkd9xw,2kf00fq15ill5b-oqorscg,1
wbu6s1_0cgnm1rvl5kmpxa,z2yivr-c0k0h2slnxvnzyg,3
y9t1bs05q8czdpa4mhcala,gnbdhfyftzbrda6_ls_hww,4
z8q1lesixqfkpyynycooeg,4q6wdp-q3w7r_2yvod9rxw,1
qwlyafbomafbjfrw2tijkw,7zbtrmkpaisch7ttsyy7dw,1
mfihjh0tgoagtyzyyvw8lq,54rjpc8yum3qn_qbfgmlag,3
xh8ckwhq2gky4zsgzskwyw,z6yxgj8uw0uf7djr65rc4w,1
dvo4nwvpaho8odrr9nfgyq,i4emu1ncdfgf6cb0mkouzw,3
ox2koukqbqstgihsrhy1ha,zllwgxyzgwhtg00fk0iutw,3
asidsb43cphwye3lacumva,rp29xzddigovb2b2w51nza,3
dpua3gpvnqwiizsnq8afkw,z2yivr-c0k0h2slnxvnzyg,1
-0b84sugvn0ykg5j2mcmbw,6mzdzkxjwoxmsywewxmhva,3
38efcqkcfryj24q7y8msbq,7xdpzewjmnusgfmrmmnwba,3
mwfxnajkxfcpqonddt8cnq,92uwipi_doqfcp9dxhoeqq,2
hnwpkahqddy5zqhvxk_vqa,akpywkarj_-zmnvbgplyrw,1
wwwujmz95y0a2rr5_kq9sw,z2yivr-c0k0h2slnxvnzyg,1
cmc0bdm81y7bj63moxvwfw,jyiyv9qg43eunm09w_1u0a,3
hviddzuvoiy3xl0v3wkjlg,z6yxgj8uw0uf7djr65rc4w,1
sowrf2x572jg-297pgtqlq,jyiyv9qg43eunm09w_1u0a,1
rbc9fqyuy25mm6hketfbza,rp29xzddigovb2b2w51nza,1
5frq72woei-gwqkt-s1e8w,z6yxgj8uw0uf7djr65rc4w,1
_fqz21iwzwl8wiezfq28vg,z6yxgj8uw0uf7djr65rc4w,3
7_-jytthtpz_qwqth6kblg,zllwgxyzgwhtg00fk0iutw,3
1cf0kgsaby-l7od8bh899w,v6vbg1sexfs2cx7yypzmfq,3
zdj5ryu4nuwj8bcenxlrzg,kfwakurfdwkrl42hpsimuq,1
ossgzlbu-fz_ys5fgj6tqg,0zsktn2rr-ukxv5agenrng,1
760bmudvhijphn6y6rjaya,zllwgxyzgwhtg00fk0iutw,3
ecmkvsa_keibpu9gfqu4ca,54rjpc8yum3qn_qbfgmlag,3
ajpikzi1yiojpczk0nzlug,z6yxgj8uw0uf7djr65rc4w,2
xe36pmsibyd4ytsipkn9_a,zllwgxyzgwhtg00fk0iutw,1
dmx-pr1ujnveu6kdqu5q7w,qzl6ineaqsocvouz7q-cwg,3
zvmc522fawxt8qt1jxqliw,kfwakurfdwkrl42hpsimuq,1
dtupcjyoyiwqpwolvq9jfw,dwau0ptroj2qsr_hz7jvoq,1
gjaud-7mzzk7usqxfayexg,ats9ecihsgokfkeffmwizq,3
dtupcjyoyiwqpwolvq9jfw,gxdt-pmb1smyrqfh3imklg,3
jm67tdhh8t1vhpaceoruog,gzutasavmhm6o0rfgjpmwa,1
rnajnnxienczok_bso2adq,lom02-vmgdo4ddqugkiiew,2
kjy-4e_zjtzayyxzgnoxla,zllwgxyzgwhtg00fk0iutw,1
2bsnzuw3vqv23lcpn7w_wq,gzutasavmhm6o0rfgjpmwa,1
wsurrkdoplr6vjntz9pzua,akpywkarj_-zmnvbgplyrw,3
xobtkrzyqo5fipk6dlx9ba,31zxnbknanw8shtraamiig,1
wypwbbis9q9pugf51zslyw,qzl6ineaqsocvouz7q-cwg,3
kqmz_axtxzwiivuqncn2og,0zsktn2rr-ukxv5agenrng,2
_q6jp62txfvmfe-ytpz6kw,54rjpc8yum3qn_qbfgmlag,1
ecmkvsa_keibpu9gfqu4ca,vxfycyyi3uex6iohkplvsq,1
dtupcjyoyiwqpwolvq9jfw,bhwuajfy-fhtnxtrnxh1ta,1
euiuio9wiap0x_nc0o6p2g,kfwakurfdwkrl42hpsimuq,1
mfihjh0tgoagtyzyyvw8lq,akpywkarj_-zmnvbgplyrw,1
4hfetiyxev_6o1znio8fhq,i4emu1ncdfgf6cb0mkouzw,3
a6p24qin9k-iwyivbcq3nq,9hghdqob4xwfeil3llbxuw,4
hvs6n04dkzhewjvzhb7tdg,6besmzwfsxwqtwr9m08mvg,3
gv5dyw5wq3iiwotsmtr02g,i4emu1ncdfgf6cb0mkouzw,1
19jhoq7z6ldvjmwhopsc5w,z6yxgj8uw0uf7djr65rc4w,1
m7psaybszcthouv9bq2fug,31zxnbknanw8shtraamiig,2
7usczpcr67jv3_zd58ypcw,z2yivr-c0k0h2slnxvnzyg,3
62gnfh5fyska3mbrqmnqvg,akpywkarj_-zmnvbgplyrw,1
gjaud-7mzzk7usqxfayexg,98ln9hua8fkdfalmwderna,3
7myvlkqvxv_iinsnntk4nw,dwau0ptroj2qsr_hz7jvoq,3
nmoogqt2kctwd5hr7nljbg,lom02-vmgdo4ddqugkiiew,1
x8e1cc1lh835q1cphad0rq,7mwn0zxxjnbwj6hvsbjgpg,3
mx3houlq5zte-ngeepd9fa,-y3oefg-glha0qp2iwlxoa,1
up-mcezrnykpu1rvfnft0w,kfwakurfdwkrl42hpsimuq,1
zvu9tdptvigcn8x6iy-kma,dnk2a_mwzfgqh_eexldraw,3
sqcnfm7ntmjahj8zxnnyzg,jyiyv9qg43eunm09w_1u0a,2
z-kvqamm_h8agjhlhsqupq,7xdpzewjmnusgfmrmmnwba,3
6ckhxvjfupxg7zoeysirza,6du78g14y2mydsewxcwomw,1
uhzwp2ohwlgwzuarhbqtkg,ajpdsouspanaksj8ufhzdq,1
kjybpkrbgpmvuajungj4aw,ix3cke00zfoaftuiufbz5g,3
qjtg24j-ut3vs2fuwtj9vw,rp29xzddigovb2b2w51nza,2
lxfdcfyiybs0jfkyieoatg,ajpdsouspanaksj8ufhzdq,3
5jjjy5_r06og56vfjic66a,z2yivr-c0k0h2slnxvnzyg,1
qgkotcbs-gpamwpadgmf0w,kfwakurfdwkrl42hpsimuq,1
i_eassnceqc1jrfdbjbevw,6besmzwfsxwqtwr9m08mvg,1
nvmt7oojnxq0-n_8xw_88a,j_wnxyea01p9tin99crupq,4
neptb8p3nyqkkap0dz0__g,wtfdozwp0dyzrdijzexwbw,2
3sy-wj7ckdb9yjqm7lg5ew,qzl6ineaqsocvouz7q-cwg,1
ox0nic-2-6pb7v4jyi9ifa,qzl6ineaqsocvouz7q-cwg,3
-j2wxptyro_lvrl_bprgia,ajpdsouspanaksj8ufhzdq,2
kn_02c9-jkpm3nakkk9mbg,pcjorqe8rdmvvsnr49ws5w,1
fv4b7ls8vr1jl8v4ac8-fq,9hghdqob4xwfeil3llbxuw,1
f55wgvjxpai7h1f_dxot7q,i4emu1ncdfgf6cb0mkouzw,1
neptb8p3nyqkkap0dz0__g,2kf00fq15ill5b-oqorscg,1
xshjgi3uuenefnlyhr1deg,7zbtrmkpaisch7ttsyy7dw,1
dm44l_t0nxuge7pxdbpuha,rp29xzddigovb2b2w51nza,0
qffqbzbvab_vuzutthqgaq,j5b94nq9ogwt7lzgt9fn9w,1
jxdhef_hg3-smjs1qwbtyg,ozp_ewqapeoqvbr9qdyevq,1
29hrxlhcqpavz0y7ch5c8w,kfwakurfdwkrl42hpsimuq,4
yhugoigk_a8hjmqelobvha,akpywkarj_-zmnvbgplyrw,1
yikkxcuqdb04pvuw7ogtnw,ajpdsouspanaksj8ufhzdq,1
ncuu-o-vw0nahjpzmf4wfg,z2yivr-c0k0h2slnxvnzyg,3
hhh8h9iklwh2z1qd3-pifw,i4emu1ncdfgf6cb0mkouzw,1
qxobgy-bpgnmnttvqnndqw,dnk2a_mwzfgqh_eexldraw,1
xv-qbsoaiikdyh9grikluq,lom02-vmgdo4ddqugkiiew,1
6owwbv_f8tqti4zmnn2yma,i4emu1ncdfgf6cb0mkouzw,1
yikkxcuqdb04pvuw7ogtnw,z6yxgj8uw0uf7djr65rc4w,1
5jjjy5_r06og56vfjic66a,-y3oefg-glha0qp2iwlxoa,3
gn0via1a5zvemuzx6stztw,54rjpc8yum3qn_qbfgmlag,3
2bsnzuw3vqv23lcpn7w_wq,zllwgxyzgwhtg00fk0iutw,1
zvbqo5dhnfkrb94xoyr-rq,31zxnbknanw8shtraamiig,1
luxpj9ntwyds6ii9vpszwg,qzl6ineaqsocvouz7q-cwg,1
otqrr5hmkvtllmjmkzi60w,_dhnp-uombcocpbnlsg9sq,1
ud86ejivp2tei62v1yow0w,kfwakurfdwkrl42hpsimuq,3
dtupcjyoyiwqpwolvq9jfw,j5b94nq9ogwt7lzgt9fn9w,2
zprnd3fdu7zoux0jhjgorg,9-nrxreu72tmf_l1b9z6ig,1
gjaud-7mzzk7usqxfayexg,kltrbp5jfucczqhcba46fg,1
gnxcqfmgciviplghe9wltw,7mwn0zxxjnbwj6hvsbjgpg,3
hg9nhkyhruskwwgnxgn6jg,z2yivr-c0k0h2slnxvnzyg,3
vspad8yhvidifxmk-3q5jw,7mwn0zxxjnbwj6hvsbjgpg,1
6owwbv_f8tqti4zmnn2yma,zllwgxyzgwhtg00fk0iutw,1
sfq_t2hi9igvbbwzpkc9da,z2yivr-c0k0h2slnxvnzyg,3
nmpkbj6l4mwlbpbzufpw8g,kfwakurfdwkrl42hpsimuq,1
pcpyy0xjjm9allx5bp0iiw,t2oqsshsbvbpr_xgbo1zrq,4
yynijxz_cmnd_acbsks-wa,kfwakurfdwkrl42hpsimuq,0
sbkfofi9p0_u4zh6ksyjna,wyxtocxq6i1ab8cege1x2w,1
2bsnzuw3vqv23lcpn7w_wq,i4emu1ncdfgf6cb0mkouzw,3
z8q1lesixqfkpyynycooeg,kfwakurfdwkrl42hpsimuq,3
2uecxjwkfhekopkxvqgtsw,hqmaesdtkiqef-b3kxf7yw,1
jm67tdhh8t1vhpaceoruog,kltrbp5jfucczqhcba46fg,0
v0kq1dqdykuf2weckotgyq,bcsezr7yhywatnl--ydfqa,3
6vr5hjxlj0whizjgifhzoq,z6yxgj8uw0uf7djr65rc4w,1
7tliw2gz1hqjrrglrwuwna,31zxnbknanw8shtraamiig,1
oyodk0hrlbmbncn8qgwudg,zllwgxyzgwhtg00fk0iutw,3
aycvjqvcnsic1rtkfpe2nq,ghhukr_fp5q5d55zus91xg,1
bsbumyr3of8baun2urk4bg,d4o1badzmmajlhfbxatz1w,0
pm0rdcnsica1utj3gr3y1g,2ibedt1v99dnqcwwwt4u1a,1
rfnhuhmrnt5k4-r82wbbnw,cuavylrrb7e2mnanseqcwq,3
o4nm1hukybethxuorksiqq,9hghdqob4xwfeil3llbxuw,1
m7psaybszcthouv9bq2fug,kfwakurfdwkrl42hpsimuq,1
_epr8luwnamq3kon9scm-g,z2yivr-c0k0h2slnxvnzyg,1
jxdhef_hg3-smjs1qwbtyg,mp0twgllsrffmsv-pzbw0g,1
gv5dyw5wq3iiwotsmtr02g,ajpdsouspanaksj8ufhzdq,3
kn_02c9-jkpm3nakkk9mbg,kfwakurfdwkrl42hpsimuq,2
tfcpa39zvyaabn4fpivfrg,akpywkarj_-zmnvbgplyrw,3
dtupcjyoyiwqpwolvq9jfw,qbcpf1z-dher2myuyfcx4q,1
dmusvfmmj0ja8iz7xgpeqq,ajpdsouspanaksj8ufhzdq,1
btef2oltepb9jrh06gyulw,54rjpc8yum3qn_qbfgmlag,4
cuesgu3r7yyzbel0kyurkq,ajpdsouspanaksj8ufhzdq,3
ijgjoghpwzhmusfyncleza,qbcpf1z-dher2myuyfcx4q,1
ky18eayfw9is5yan4psx4a,z2yivr-c0k0h2slnxvnzyg,0
jxdhef_hg3-smjs1qwbtyg,zllwgxyzgwhtg00fk0iutw,3
ggtf7hnqi6d5w77_qiklqg,z6yxgj8uw0uf7djr65rc4w,1
p8vp7vpshtirppw9ycdbiw,z2yivr-c0k0h2slnxvnzyg,1
hnwpkahqddy5zqhvxk_vqa,kfwakurfdwkrl42hpsimuq,1
19jhoq7z6ldvjmwhopsc5w,lom02-vmgdo4ddqugkiiew,3
v2pkgi7mjkmyrzht2bmwqw,92uwipi_doqfcp9dxhoeqq,2
ehrtrd8jhtwhvlvqc4u6rw,ajpdsouspanaksj8ufhzdq,1
slgksuygcavarfnqnavv_w,9hghdqob4xwfeil3llbxuw,2
neptb8p3nyqkkap0dz0__g,tbuhd1cbx4aloij4oo_ftw,3
8w_fb_ppm8tbewqap2dq4a,kfwakurfdwkrl42hpsimuq,4
jxdhef_hg3-smjs1qwbtyg,54rjpc8yum3qn_qbfgmlag,1
z8q1lesixqfkpyynycooeg,z6yxgj8uw0uf7djr65rc4w,1
c0ptbc3dhxburjhnuxiyjq,z2yivr-c0k0h2slnxvnzyg,1
j6vguvajzpfqnpeys8y58g,ix3cke00zfoaftuiufbz5g,3
46hhzhpbftdtsb5cetx_og,pcjorqe8rdmvvsnr49ws5w,2
ky18eayfw9is5yan4psx4a,-ottk-dic9hycbhjucaaca,1
dxen02vo6jg78q1zibrm8q,31zxnbknanw8shtraamiig,1
vrhuvyln6uzshnf8ug4qcg,z6yxgj8uw0uf7djr65rc4w,1
grkhaxnxqojocvrfiiaqww,-luhd_d1l22l0ryvnwywfq,1
5jjjy5_r06og56vfjic66a,-ottk-dic9hycbhjucaaca,1
zvbbc_8fmlexchjjihneaq,z6yxgj8uw0uf7djr65rc4w,1
vletsn3glsgfch3__puulg,z2yivr-c0k0h2slnxvnzyg,2
ht7t6oakujhu35j9u0luda,kfwakurfdwkrl42hpsimuq,3
5jjjy5_r06og56vfjic66a,a7jstqvrzia6ys6sbtrltw,2
m7psaybszcthouv9bq2fug,zllwgxyzgwhtg00fk0iutw,3
qmethzryavzxs9m1unjpdw,z6yxgj8uw0uf7djr65rc4w,3
k65tcfivdu-0v6bxzdcbhw,z2yivr-c0k0h2slnxvnzyg,3
6f-cylil7xz-fec81ea_ja,a0flfsqkgk59l2wphi93mg,3
_mgwexldymwul27g399j6w,9hghdqob4xwfeil3llbxuw,1
5jjjy5_r06og56vfjic66a,_esurowa4ukvs95iaepula,3
rh27ydfpr-foia2bhb2z5g,i4emu1ncdfgf6cb0mkouzw,1
gssfxyiahzdiqquogvaloa,i4emu1ncdfgf6cb0mkouzw,3
k6rpop0irkzddckd1s6fua,i4emu1ncdfgf6cb0mkouzw,3
h0to1taqfdaewchne4egpa,vrx4zwdnlworsdo1a1nmiw,1
kudmrgcvjhfchextnh1d4q,i4emu1ncdfgf6cb0mkouzw,1
hnwpkahqddy5zqhvxk_vqa,-y3oefg-glha0qp2iwlxoa,1
oycblicsvwwmwba9l2cg6g,kfwakurfdwkrl42hpsimuq,3
hw3edxm-lfl22qc_xhfvsa,kfwakurfdwkrl42hpsimuq,1
6xtkq5pcnyip-ud9dc9svq,j1qzlzsubvmzqgl_zhgyeq,0
8zif9bl2wu9boe6du0yaia,kfwakurfdwkrl42hpsimuq,3
qbkftzdnm7h1urr4p6qkia,mp0twgllsrffmsv-pzbw0g,1
rmz9guyoghyssgkg5mzzhw,7mwn0zxxjnbwj6hvsbjgpg,1
doeepppoua0tgl3aiiuycw,akpywkarj_-zmnvbgplyrw,1
x5i5ybipk4gk47lhoqd1eq,z2yivr-c0k0h2slnxvnzyg,4
yikkxcuqdb04pvuw7ogtnw,vt_bqgnie3u_1rcrfvyagq,3
9jl7siaf9nptlsiqh5impq,z2yivr-c0k0h2slnxvnzyg,1
rw4mceev8-cv4yy54alqia,-y3oefg-glha0qp2iwlxoa,1
t7xszm4z26-w-1b1wion9g,akpywkarj_-zmnvbgplyrw,3
fpxe0vgahku0xh6yqt2-kw,z6yxgj8uw0uf7djr65rc4w,1
biyloexbnwqfdqogpkj6la,mp0twgllsrffmsv-pzbw0g,1
njzxi5-ibd3-rzwifz8d_q,cgwtstibzshaisq1s8rwcq,3
eslvr2rz3hb1xneqipse8a,rp29xzddigovb2b2w51nza,2
bsbumyr3of8baun2urk4bg,i4emu1ncdfgf6cb0mkouzw,1
hhnbqfbdr8b1iq-qgxu8ww,i4emu1ncdfgf6cb0mkouzw,0
xdl9zf3sckkzde_48w6wea,kfwakurfdwkrl42hpsimuq,1
8zif9bl2wu9boe6du0yaia,qzl6ineaqsocvouz7q-cwg,1
jm67tdhh8t1vhpaceoruog,kfwakurfdwkrl42hpsimuq,1
6owwbv_f8tqti4zmnn2yma,kfwakurfdwkrl42hpsimuq,0
rw4mceev8-cv4yy54alqia,kfwakurfdwkrl42hpsimuq,1
xnbeecymptaeptfwewsqqa,z6yxgj8uw0uf7djr65rc4w,1
sfmnwbozmcogo03ackwadw,z2yivr-c0k0h2slnxvnzyg,1
dhxegejgafkhujlivvyqvq,54rjpc8yum3qn_qbfgmlag,3
bqzdpmqcxe0vulddyvixkg,cgwtstibzshaisq1s8rwcq,1
eyidc41bs9li1smvoezsew,ajpdsouspanaksj8ufhzdq,1
fabg1edtfn78qtkrsfptzq,l5mjzjyphkvv7hrpajjlpg,3
rv5cktoxkivn8nkuu5mdqg,akpywkarj_-zmnvbgplyrw,3
cqhik23jfj8zsdfkwssxuw,i4emu1ncdfgf6cb0mkouzw,1
gjaud-7mzzk7usqxfayexg,92uwipi_doqfcp9dxhoeqq,2
pduiyw4gzaq6c2-ppz7fcw,qzl6ineaqsocvouz7q-cwg,1
ug0ujy9-jd0oc2nk3kiota,wyxtocxq6i1ab8cege1x2w,1
nzba-q-fp10if77ctqt24q,qbcpf1z-dher2myuyfcx4q,1
y2kxwcanqsrdbo50wiqe2q,98ln9hua8fkdfalmwderna,1
gjaud-7mzzk7usqxfayexg,ll5jofotfuii-usryyspow,1
zdzduhrvxizl2qunlrllog,z2yivr-c0k0h2slnxvnzyg,1
xan8sw434n5yzgcdupcs9q,z2yivr-c0k0h2slnxvnzyg,0
8j4ue1-ci1d6ysskfe6rtg,akpywkarj_-zmnvbgplyrw,0
dvo4nwvpaho8odrr9nfgyq,7mwn0zxxjnbwj6hvsbjgpg,0
vkuluxlvylwdttu7h1_y5q,zllwgxyzgwhtg00fk0iutw,1
5lpfwz8egp8bb8eag_kdow,ajpdsouspanaksj8ufhzdq,1
pmpfuep3lfomjfcaoubxeg,akpywkarj_-zmnvbgplyrw,1
kzjbte_9tpfypalmjdr-ga,akpywkarj_-zmnvbgplyrw,2
3nh0kio3_dcdkzznrazyxw,z2yivr-c0k0h2slnxvnzyg,3
sowrf2x572jg-297pgtqlq,54rjpc8yum3qn_qbfgmlag,1
gt6_oawfqgcylmdwni2n8a,98ln9hua8fkdfalmwderna,3
gv5dyw5wq3iiwotsmtr02g,qqigwfee-2my54wrm11eaw,3
pw4fnqcr-kkeepdzoj2f7w,jyiyv9qg43eunm09w_1u0a,1
hrmv8vtw9cpgi6o5jhcojq,z2yivr-c0k0h2slnxvnzyg,1
flglz_rnlfzcy9o1gxialq,qqigwfee-2my54wrm11eaw,1
4hfetiyxev_6o1znio8fhq,7mwn0zxxjnbwj6hvsbjgpg,1
gwkmjkpi0eq03f7-d3nlag,z2yivr-c0k0h2slnxvnzyg,3
b0mqpnc5nwjm1b7vwmic7a,kfwakurfdwkrl42hpsimuq,3
taxrpl_mpmses00cjmefew,_mecyj3lscsd4f9zkbmyna,1
mcj-a0ogmiwzgbbdwpmfrw,z2yivr-c0k0h2slnxvnzyg,1
bs2ppcgtzrxnwgphu2_wuw,92uwipi_doqfcp9dxhoeqq,3
awrtmmmk0xu-bfk4bkd9xw,vt_bqgnie3u_1rcrfvyagq,1
urhlwkctlh8lqpoxbh76kg,xa9ejaqf1vr0k1p6udr1ua,3
16_mol7ytvheyfrh1uupbg,z2yivr-c0k0h2slnxvnzyg,1
z7hpxsf-xohlm5hysicmqw,z2yivr-c0k0h2slnxvnzyg,1
hwdybu_kvylsdefzgrnitw,bhwuajfy-fhtnxtrnxh1ta,1
dmyg4ksices8zn4nj4x-4a,z6yxgj8uw0uf7djr65rc4w,1
760bmudvhijphn6y6rjaya,i4emu1ncdfgf6cb0mkouzw,3
snmgkblvhgz1tyx4nam6eg,wb3whs79wdxgtnek8n51qa,1
ddyx12qttpmmdnuglh7x9q,qbcpf1z-dher2myuyfcx4q,1
uakkelywmaqc5m3kjum7mw,z2yivr-c0k0h2slnxvnzyg,3
5ziu5x-4rzku-frq0jafxw,qzl6ineaqsocvouz7q-cwg,3
ecmkvsa_keibpu9gfqu4ca,d4o1badzmmajlhfbxatz1w,1
cod7noa_7s9-ghvhg0ekyq,iqi4dqr2hcejirxvqyikxw,3
dtupcjyoyiwqpwolvq9jfw,z2yivr-c0k0h2slnxvnzyg,1
odpnjlfom0ymefczmfikrw,kiokla6pdhmhzwhv9yksaq,1
rh27ydfpr-foia2bhb2z5g,zllwgxyzgwhtg00fk0iutw,1
7myvlkqvxv_iinsnntk4nw,kfwakurfdwkrl42hpsimuq,1
mmm4iodp2wgtajoehvsaug,uwezuiqjifn2pcrywy6p_a,2
j4e8gntgzmnco-r8h-cn1w,gxdt-pmb1smyrqfh3imklg,1
g7-gfbhnzo7obigsf6nw5g,kiokla6pdhmhzwhv9yksaq,1
ge0mcdaroym_gr7rpvxorw,54rjpc8yum3qn_qbfgmlag,3
b7uicleg9hpryhiu012y5a,qzl6ineaqsocvouz7q-cwg,1
e6pqcemf1lpl82-cii60aw,qzl6ineaqsocvouz7q-cwg,3
bf2j6wvoww4fkb30majrba,qzl6ineaqsocvouz7q-cwg,1
dtupcjyoyiwqpwolvq9jfw,jw0heusmkejxmosc3kcbvq,1
4fe8md9fmr_jzfnbcomhsq,pcjorqe8rdmvvsnr49ws5w,1
luxpj9ntwyds6ii9vpszwg,mgboupahaxai0kpticl9jq,1
neptb8p3nyqkkap0dz0__g,t2oqsshsbvbpr_xgbo1zrq,1
a-vrrs-druhrbnu13otehq,rp29xzddigovb2b2w51nza,2
ier7ww8egjkpnbkatgiyfg,zqycqgvf-nzhg4bgh9nlqg,1
9dxmwfz0vsi7j4e5ets6-g,fwug5szrlhlecr2g_dhprw,1
dtupcjyoyiwqpwolvq9jfw,92uwipi_doqfcp9dxhoeqq,1
o4nm1hukybethxuorksiqq,i4emu1ncdfgf6cb0mkouzw,1
osdbgzmbq4zm93g3nk__gg,kltrbp5jfucczqhcba46fg,1
ecmkvsa_keibpu9gfqu4ca,qqigwfee-2my54wrm11eaw,1
ggtf7hnqi6d5w77_qiklqg,akpywkarj_-zmnvbgplyrw,1
8sx-nglzycbbwt-ikbt9fw,j_wnxyea01p9tin99crupq,3
4o_euln1isrkpkmdcnlqqq,mp0twgllsrffmsv-pzbw0g,2
pxnm3yhl20lffilrib4v8g,qzl6ineaqsocvouz7q-cwg,3
nmpkbj6l4mwlbpbzufpw8g,i4emu1ncdfgf6cb0mkouzw,4
-8mgz-pji-ncjzckuz1m7a,z6yxgj8uw0uf7djr65rc4w,1
yk6gjicvqbm1dqxs1qwhqq,6xwzrp2umqpvazam02ktcw,1
ox0nic-2-6pb7v4jyi9ifa,kfwakurfdwkrl42hpsimuq,1
3x-oqdzsu5lpygmuvjvoog,i4emu1ncdfgf6cb0mkouzw,1
z4_0ltazq2qqqlcbxbekma,lom02-vmgdo4ddqugkiiew,1
taxrpl_mpmses00cjmefew,qbcpf1z-dher2myuyfcx4q,1
pinf8fmkgca-okkr02svja,i4emu1ncdfgf6cb0mkouzw,1
qwlyafbomafbjfrw2tijkw,z2yivr-c0k0h2slnxvnzyg,1
t8gk9pr8pp5qkjp0jlztia,kfwakurfdwkrl42hpsimuq,1
neptb8p3nyqkkap0dz0__g,rwir8gstrap7mdgggbzfna,1
urhlwkctlh8lqpoxbh76kg,pcjorqe8rdmvvsnr49ws5w,3
8sx-nglzycbbwt-ikbt9fw,hqmaesdtkiqef-b3kxf7yw,3
hwdybu_kvylsdefzgrnitw,ajpdsouspanaksj8ufhzdq,0
fx3le5jsrlpri8pjfsrvaa,vxfycyyi3uex6iohkplvsq,1
dvo4nwvpaho8odrr9nfgyq,t2oqsshsbvbpr_xgbo1zrq,1
dhzv5e3u37bpgo-2yx_5ra,jyiyv9qg43eunm09w_1u0a,1
61hgwazmyt71xaowu1zseg,0zsktn2rr-ukxv5agenrng,3
y5sl5pamqzdym-4paq5njw,i4emu1ncdfgf6cb0mkouzw,1
kn_02c9-jkpm3nakkk9mbg,cktlfw4j5gnuvmpnjlywfa,1
tl2s7lnka6t5kuoofr8krw,a0flfsqkgk59l2wphi93mg,3
8sx-nglzycbbwt-ikbt9fw,kfwakurfdwkrl42hpsimuq,2
ia42wgloqcfkpl4mi08nuw,jw0heusmkejxmosc3kcbvq,1
wbu6s1_0cgnm1rvl5kmpxa,5rywg6psznkp0q5-noypnw,3
